{
  "hash": "f40c8e1d",
  "configHash": "91403adb",
  "lockfileHash": "b38f5f00",
  "browserHash": "a8547cab",
  "optimized": {
    "@angular/core": {
      "src": "../../../../../../node_modules/@angular/core/fesm2022/core.mjs",
      "file": "@angular_core.js",
      "fileHash": "c522fea4",
      "needsInterop": false
    },
    "@angular/platform-browser": {
      "src": "../../../../../../node_modules/@angular/platform-browser/fesm2022/platform-browser.mjs",
      "file": "@angular_platform-browser.js",
      "fileHash": "cd604c90",
      "needsInterop": false
    },
    "@angular/router": {
      "src": "../../../../../../node_modules/@angular/router/fesm2022/router.mjs",
      "file": "@angular_router.js",
      "fileHash": "689ffd3a",
      "needsInterop": false
    }
  },
  "chunks": {
    "chunk-CVIMRY3Y": {
      "file": "chunk-CVIMRY3Y.js"
    },
    "chunk-NRIQAXQZ": {
      "file": "chunk-NRIQAXQZ.js"
    }
  }
}